Chromosome,Position,Mutation,SIFT_Score,PolyPhen_Score,gnomAD_Freq
15,48445478,C>A,0.0,1.0,0.0
15,48445478,C>T,0.0,1.0,0.0
15,48448804,C>G,0.0,1.0,0.0
15,48452574,C>G,0.0,1.0,0.0
15,48441805,C>G,0.0,1.0,0.0
15,48444571,C>T,0.0,1.0,0.0
15,48526213,C>A,0.0,1.0,0.0
15,48526213,C>T,0.0,1.0,0.0
15,48534115,C>A,0.0,1.0,0.0
15,48534115,C>T,0.0,1.0,0.0
15,48534116,C>T,0.0,1.0,0.0
15,48534143,C>G,0.0,1.0,0.0
15,48534164,C>T,0.0,1.0,0.0
15,48452622,C>A,0.0,1.0,0.0
15,48456700,C>A,0.0,1.0,0.0
15,48432929,C>T,0.0,1.0,0.0
15,48463914,C>T,0.0,1.0,0.0
15,48463917,C>G,0.0,1.0,0.0
15,48463983,C>T,0.0,1.0,0.0
15,48430734,C>A,0.0,1.0,0.0
15,48465580,G>C,0.0,1.0,0.0
15,48526171,G>T,0.02,1.0,0.0
15,48465598,A>G,0.02,1.0,0.0
15,48465624,A>G,0.0,1.0,0.0
15,48465663,A>T,0.0,1.0,0.0
15,48465667,C>G,0.0,1.0,0.0
15,48428409,C>T,0.0,1.0,0.0
15,48470670,C>G,0.0,1.0,0.0
15,48472566,C>A,0.01,1.0,0.0
15,48425802,C>T,0.0,1.0,0.0
15,48472587,C>A,0.0,1.0,0.0
15,48485409,C>A,0.0,1.0,0.0
15,48487158,C>A,0.0,1.0,0.0
15,48487158,C>T,0.0,1.0,0.0
15,48487347,C>T,0.0,1.0,0.0
15,48505088,C>A,0.0,1.0,0.0
15,48488140,C>T,0.0,1.0,0.0
15,48496135,C>A,0.0,1.0,0.0
15,48496135,C>T,0.0,1.0,0.0
15,48496162,C>T,0.0,1.0,0.0
15,48496163,C>T,0.0,1.0,0.0
15,48496184,C>T,0.0,1.0,0.0
15,48497280,C>T,0.0,1.0,0.0
15,48497350,C>T,0.0,1.0,0.0
15,48445439,C>A,0.0,1.0,0.0
15,48534182,G>C,0.0,1.0,0.0
15,48445459,C>T,0.0,0.999,0.0
15,48537746,C>T,0.01,0.999,0.0
15,48537745,C>T,0.0,0.999,0.0
15,48445477,C>T,0.0,0.999,0.0
15,48537707,C>A,0.0,0.999,0.0
15,48537694,C>T,0.0,0.999,0.0
15,48526172,G>T,0.01,0.999,0.0
15,48534136,A>G,0.0,0.999,0.0
15,48452597,G>C,0.01,0.999,0.0
15,48452621,C>T,0.0,0.999,0.0
15,48452663,C>T,0.01,0.999,0.0
15,48452678,T>A,0.0,0.999,0.0
15,48437053,T>A,0.0,0.999,0.0
15,48499012,C>T,0.0,0.999,0.0
15,48499023,A>G,0.0,0.999,0.0
15,48499023,A>T,0.0,0.999,0.0
15,48415686,G>C,0.0,0.999,0.0
15,48444597,C>A,0.0,0.999,0.0
15,48444597,C>T,0.0,0.999,0.0
15,48437054,C>G,0.01,0.999,0.0
15,48437322,C>G,0.01,0.999,0.0
15,48452679,C>A,0.0,0.999,0.0
15,48456757,C>A,0.0,0.999,0.0
15,48460246,C>G,0.0,0.999,0.0
15,48434611,G>C,0.0,0.999,0.0
15,48496141,G>A,0.0,0.999,0.0
15,48496166,G>A,0.0,0.999,0.0
15,48496190,C>G,0.0,0.999,0.0
15,48420767,C>T,0.0,0.999,0.0
15,48420788,C>T,0.01,0.999,0.0
15,48421581,T>A,0.0,0.999,0.0
15,48499011,C>T,0.0,0.999,0.0
15,48499012,C>G,0.0,0.999,0.0
15,48463129,C>A,0.0,0.999,0.0
15,48463183,C>T,0.02,0.999,0.0
15,48432928,C>A,0.0,0.999,0.0
15,48432928,C>T,0.0,0.999,0.0
15,48463913,C>T,0.0,0.999,0.0
15,48463916,C>T,0.0,0.999,0.0
15,48492524,C>T,0.0,0.999,0.0
15,48492559,C>A,0.0,0.999,0.0
15,48492568,A>C,0.0,0.999,0.0
15,48494237,C>T,0.0,0.999,0.0
15,48421620,C>A,0.0,0.999,0.0
15,48421620,C>T,0.01,0.999,0.0
15,48421651,C>A,0.0,0.999,0.0
15,48463997,C>A,0.01,0.999,0.0
15,48465568,C>G,0.0,0.999,0.0
15,48430733,C>A,0.0,0.999,0.0
15,48430733,C>T,0.0,0.999,0.0
15,48432884,C>G,0.01,0.999,0.0
15,48432901,C>T,0.0,0.999,0.0
15,48510169,T>A,0.0,0.999,0.0
15,48513549,C>A,0.0,0.999,0.0
15,48513584,C>A,0.0,0.999,0.0
15,48513611,C>A,0.01,0.999,0.0
15,48513611,C>T,0.0,0.999,0.0
15,48520673,G>C,0.0,0.999,0.0
15,48526171,G>A,0.02,0.999,0.0
15,48465610,G>C,0.0,0.999,0.0
15,48488139,C>T,0.01,0.999,0.0
15,48489967,C>T,0.0,0.999,0.0
15,48422008,C>T,0.0,0.999,0.0
15,48492496,C>A,0.0,0.999,0.0
15,48492523,C>A,0.0,0.999,0.0
15,48492523,C>T,0.0,0.999,0.0
15,48428444,C>T,0.01,0.999,0.0
15,48428471,T>A,0.0,0.999,0.0
15,48430679,C>T,0.0,0.999,0.0
15,48430685,C>T,0.0,0.999,0.0
15,48430688,T>A,0.0,0.999,0.0
15,48430706,C>A,0.0,0.999,0.0
15,48465690,A>G,0.0,0.999,0.0
15,48465693,T>C,0.0,0.999,0.0
15,48505123,C>T,0.0,0.999,0.0
15,48508582,C>A,0.0,0.999,0.0
15,48415614,G>C,0.0,0.999,0.0
15,48510058,C>T,0.01,0.999,0.0
15,48510106,C>T,0.0,0.999,0.0
15,48467973,C>T,0.0,0.999,0.0
15,48467988,A>G,0.0,0.999,0.0
15,48427656,C>T,0.0,0.999,0.0
15,48427662,C>T,0.0,0.999,0.0
15,48470735,G>C,0.02,0.999,0.0
15,48425739,C>A,0.02,0.999,0.0
15,48425822,C>A,0.0,0.999,0.0
15,48472593,C>G,0.0,0.999,0.0
15,48472611,C>T,0.01,0.999,0.0
15,48472634,C>T,0.0,0.999,0.0
15,48474311,C>A,0.0,0.999,0.0
15,48474312,C>G,0.0,0.999,0.0
15,48474549,C>T,0.0,0.999,0.0
15,48481672,C>T,0.0,0.999,0.0
15,48481690,C>A,0.0,0.999,0.0
15,48481738,C>A,0.0,0.999,0.0
15,48487143,A>G,0.0,0.999,0.0
15,48445504,T>A,0.0,0.999,0.0
15,48446786,C>A,0.0,0.999,0.0
15,48452573,C>T,0.01,0.999,0.0
15,48441804,C>A,0.0,0.999,0.0
15,48441840,T>A,0.0,0.999,0.0
15,48444636,G>T,0.0,0.999,0.0
15,48445394,C>A,0.0,0.999,0.0
15,48534190,T>G,0.0,0.999,0.0
15,48534200,C>G,0.0,0.999,0.0
15,48534205,T>A,0.0,0.999,0.0
15,48537653,G>A,0.0,0.999,0.0
15,48537674,G>C,0.0,0.998,0.0
15,48537652,C>T,0.0,0.998,0.0
15,48537649,C>T,0.0,0.998,0.0
15,48537644,A>C,0.0,0.998,0.0
15,48526172,G>C,0.0,0.998,0.0
15,48446738,C>G,0.01,0.998,0.0
15,48446739,C>T,0.0,0.998,0.0
15,48441762,G>A,0.0,0.998,0.0
15,48444561,A>C,0.0,0.998,0.0
15,48526172,G>A,0.03,0.998,0.0
15,48487370,A>T,0.0,0.998,0.0
15,48537757,C>T,0.0,0.998,0.0
15,48448804,C>T,0.0,0.998,0.0
15,48452573,C>G,0.0,0.998,0.0
15,48452591,T>C,0.0,0.998,0.0
15,48427573,C>T,0.01,0.998,0.0
15,48483901,C>A,0.0,0.998,0.0
15,48425811,T>G,0.0,0.998,0.0
15,48427572,C>T,0.0,0.998,0.0
15,48425774,C>G,0.0,0.998,0.0
15,48483905,C>A,0.0,0.998,0.0
15,48485430,T>G,0.0,0.998,0.0
15,48487086,A>G,0.02,0.998,0.0
15,48481664,C>T,0.01,0.998,0.0
15,48427587,C>A,0.0,0.998,0.0
15,48472635,C>T,0.01,0.998,0.0
15,48425488,A>G,0.0,0.998,0.0
15,48520719,C>T,0.0,0.998,0.0
15,48465604,C>T,0.0,0.998,0.0
15,48505088,C>T,0.0,0.998,0.0
15,48503816,G>T,0.0,0.998,0.0
15,48428418,T>A,0.0,0.998,0.0
15,48468453,G>A,0.01,0.998,0.0
15,48468450,G>C,0.0,0.998,0.0
15,48510079,C>G,0.01,0.998,0.0
15,48415614,G>A,0.0,0.998,0.0
15,48420747,C>T,0.04,0.998,0.0
15,48470634,C>G,0.0,0.998,0.0
15,48470645,C>G,0.0,0.998,0.0
15,48427635,G>A,0.0,0.998,0.0
15,48470696,C>G,0.01,0.998,0.0
15,48470649,C>T,0.01,0.998,0.0
15,48470660,A>G,0.01,0.998,0.0
15,48427692,T>A,0.0,0.998,0.0
15,48427657,C>T,0.0,0.998,0.0
15,48470705,T>A,0.0,0.998,0.0
15,48470735,G>A,0.03,0.998,0.0
15,48526198,G>C,0.0,0.998,0.0
15,48526255,T>C,0.0,0.998,0.0
15,48444607,T>G,0.0,0.998,0.0
15,48444607,T>A,0.0,0.998,0.0
15,48456654,T>A,0.02,0.998,0.0
15,48456708,T>A,0.0,0.998,0.0
15,48460302,A>G,0.0,0.998,0.0
15,48436987,T>C,0.0,0.998,0.0
15,48444597,C>G,0.0,0.998,0.0
15,48446729,A>T,0.01,0.998,0.0
15,48534080,C>T,0.0,0.998,0.0
15,48444573,G>A,0.02,0.998,0.0
15,48452664,C>T,0.01,0.998,0.0
15,48452594,C>G,0.0,0.998,0.0
15,48420716,A>T,0.0,0.998,0.0
15,48420723,C>T,0.0,0.998,0.0
15,48537758,C>G,0.0,0.998,0.0
15,48463159,T>A,0.0,0.998,0.0
15,48432923,A>C,0.0,0.998,0.0
15,48463130,C>T,0.0,0.998,0.0
15,48515420,C>A,0.0,0.998,0.0
15,48515420,C>G,0.0,0.998,0.0
15,48489968,C>T,0.0,0.998,0.0
15,48487414,G>A,0.0,0.998,0.0
15,48492502,G>A,0.01,0.998,0.0
15,48421984,G>C,0.01,0.998,0.0
15,48421952,C>G,0.0,0.998,0.0
15,48430706,C>G,0.0,0.998,0.0
15,48465687,T>A,0.0,0.998,0.0
15,48465670,G>A,0.0,0.998,0.0
15,48465804,G>T,0.0,0.998,0.0
15,48467953,G>C,0.0,0.998,0.0
15,48432922,T>C,0.0,0.998,0.0
15,48513584,C>G,0.0,0.998,0.0
15,48515419,C>T,0.0,0.998,0.0
15,48513644,G>A,0.0,0.998,0.0
15,48487407,A>T,0.0,0.998,0.0
15,48487411,G>A,0.0,0.998,0.0
15,48444621,G>A,0.01,0.998,0.0
15,48437056,G>A,0.03,0.998,0.0
15,48420767,C>G,0.0,0.998,0.0
15,48421572,C>G,0.02,0.998,0.0
15,48463096,G>A,0.0,0.998,0.0
15,48432938,T>G,0.0,0.998,0.0
15,48421641,C>T,0.0,0.998,0.0
15,48463937,G>A,0.01,0.998,0.0
15,48463938,G>T,0.03,0.998,0.0
15,48463940,G>A,0.0,0.998,0.0
15,48497308,T>G,0.01,0.998,0.0
15,48496196,G>A,0.0,0.998,0.0
15,48496205,T>G,0.0,0.998,0.0
15,48497299,A>G,0.0,0.998,0.0
15,48446772,T>G,0.01,0.997,0.0
15,48446783,G>A,0.01,0.997,0.0
15,48446771,G>A,0.0,0.997,0.0
15,48537652,C>G,0.01,0.997,0.0
15,48425461,G>A,0.03,0.997,0.0
15,48485377,T>G,0.0,0.997,0.0
15,48452582,G>A,0.0,0.997,0.0
15,48448794,G>A,0.0,0.997,0.0
15,48487092,T>C,0.0,0.997,0.0
15,48481663,C>G,0.0,0.997,0.0
15,48481744,A>G,0.0,0.997,0.0
15,48452591,T>G,0.0,0.997,0.0
15,48425743,A>C,0.0,0.997,0.0
15,48472625,A>G,0.0,0.997,0.0
15,48472616,G>A,0.02,0.997,0.0
15,48425462,G>T,0.0,0.997,0.0
15,48425456,T>G,0.0,0.997,0.0
15,48425404,C>G,0.0,0.997,0.0
15,48425402,A>C,0.0,0.997,0.0
15,48472656,T>G,0.0,0.997,0.0
15,48465675,T>G,0.0,0.997,0.0
15,48489974,C>G,0.0,0.997,0.0
15,48432899,A>G,0.0,0.997,0.0
15,48432915,G>C,0.0,0.997,0.0
15,48513566,G>C,0.01,0.997,0.0
15,48520817,T>A,0.0,0.997,0.0
15,48489967,C>G,0.0,0.997,0.0
15,48488464,G>A,0.0,0.997,0.0
15,48508620,G>A,0.02,0.997,0.0
15,48467967,G>A,0.0,0.997,0.0
15,48470688,G>A,0.0,0.997,0.0
15,48470683,A>C,0.0,0.997,0.0
15,48427695,G>A,0.0,0.997,0.0
15,48470703,G>A,0.01,0.997,0.0
15,48427689,G>C,0.0,0.997,0.0
15,48427658,C>A,0.01,0.997,0.0
15,48468514,G>A,0.0,0.997,0.0
15,48508594,G>A,0.0,0.997,0.0
15,48465835,C>G,0.0,0.997,0.0
15,48465807,A>C,0.0,0.997,0.0
15,48508587,C>T,0.0,0.997,0.0
15,48508593,C>T,0.0,0.997,0.0
15,48503822,C>G,0.0,0.997,0.0
15,48422018,T>A,0.0,0.997,0.0
15,48463953,T>G,0.0,0.997,0.0
15,48430728,A>G,0.0,0.997,0.0
15,48463084,G>A,0.0,0.997,0.0
15,48463121,A>G,0.0,0.997,0.0
15,48463162,G>A,0.0,0.997,0.0
15,48463177,A>G,0.0,0.997,0.0
15,48421630,T>G,0.0,0.997,0.0
15,48496108,G>A,0.04,0.997,0.0
15,48421627,T>G,0.01,0.997,0.0
15,48495212,T>G,0.0,0.997,0.0
15,48495188,A>G,0.0,0.997,0.0
15,48495192,T>G,0.0,0.997,0.0
15,48494219,C>T,0.01,0.997,0.0
15,48492532,T>A,0.0,0.997,0.0
15,48432962,G>T,0.0,0.997,0.0
15,48432935,T>G,0.01,0.997,0.0
15,48463923,C>T,0.0,0.997,0.0
15,48496159,C>A,0.0,0.997,0.0
15,48496168,G>A,0.02,0.997,0.0
15,48444602,C>G,0.0,0.997,0.0
15,48456748,G>A,0.0,0.997,0.0
15,48456664,A>G,0.0,0.997,0.0
15,48456650,C>A,0.01,0.997,0.0
15,48437807,A>T,0.0,0.997,0.0
15,48420744,A>G,0.0,0.997,0.0
15,48437023,G>A,0.02,0.997,0.0
15,48503801,G>A,0.0,0.997,0.0
15,48526246,T>A,0.0,0.997,0.0
15,48526190,T>G,0.0,0.997,0.0
15,48537688,G>A,0.0,0.997,0.0
15,48445472,G>A,0.01,0.997,0.0
15,48537727,G>A,0.0,0.997,0.0
15,48600166,C>G,0.0,0.996,0.0
15,48600157,C>T,0.0,0.996,0.0
15,48600202,C>G,0.0,0.996,0.0
15,48420707,T>C,0.0,0.996,0.0
15,48446753,C>A,0.0,0.996,0.0
15,48445387,C>A,0.0,0.996,0.0
15,48445498,T>G,0.0,0.996,0.0
15,48534179,C>A,0.0,0.996,0.0
15,48485496,T>A,0.0,0.996,0.0
15,48411214,C>G,0.0,0.996,0.0
15,48411202,C>G,0.01,0.996,0.0
15,48520773,A>G,0.0,0.996,0.0
15,48448870,G>A,0.0,0.996,0.0
15,48494218,C>T,0.0,0.996,0.0
15,48513641,C>A,0.0,0.996,0.0
15,48421624,G>A,0.0,0.996,0.0
15,48446762,G>A,0.0,0.996,0.0
15,48448818,C>T,0.0,0.996,0.0
15,48496225,T>C,0.01,0.996,0.0
15,48411175,C>A,0.0,0.996,0.0
15,48444577,G>A,0.0,0.996,0.0
15,48460257,C>T,0.0,0.996,0.0
15,48465834,C>T,0.0,0.996,0.0
15,48465570,T>C,0.0,0.996,0.0
15,48464001,G>A,0.01,0.996,0.0
15,48467968,G>A,0.0,0.996,0.0
15,48468451,G>A,0.03,0.996,0.0
15,48610806,C>T,0.0,0.996,0.0
15,48596301,C>T,0.0,0.996,0.0
15,48596349,C>T,0.0,0.996,0.0
15,48596310,C>T,0.0,0.996,0.0
15,48596352,C>T,0.0,0.996,0.0
15,48415615,G>A,0.01,0.996,0.0
15,48464010,A>G,0.0,0.996,0.0
15,48463091,G>A,0.0,0.996,0.0
15,48465831,C>T,0.0,0.996,0.0
15,48537665,G>A,0.01,0.996,0.0
15,48537625,G>A,0.0,0.996,0.0
15,48537674,G>A,0.0,0.996,0.0
15,48470684,C>A,0.0,0.996,0.0
15,48537689,G>A,0.0,0.996,0.0
15,48427729,A>G,0.0,0.996,0.0
15,48460251,G>T,0.01,0.996,0.0
15,48485437,C>T,0.0,0.996,0.0
15,48537659,G>A,0.0,0.996,0.0
15,48485395,G>A,0.01,0.996,0.0
15,48441744,G>A,0.0,0.996,0.0
15,48437077,T>G,0.0,0.996,0.0
15,48437864,G>A,0.0,0.996,0.0
15,48483908,C>A,0.0,0.996,0.0
15,48497380,A>C,0.0,0.995,0.0
15,48422015,T>G,0.0,0.995,0.0
15,48487091,A>T,0.0,0.995,0.0
15,48452643,C>T,0.0,0.995,0.0
15,48411213,C>T,0.0,0.995,0.0
15,48489987,G>C,0.0,0.995,0.0
15,48422014,G>A,0.04,0.995,0.0
15,48456679,G>C,0.0,0.995,0.0
15,48441846,T>C,0.0,0.995,0.0
15,48422002,A>C,0.0,0.995,0.0
15,48421558,C>T,0.0,0.995,0.0
15,48421582,C>T,0.0,0.995,0.0
15,48495221,C>T,0.02,0.995,0.0
15,48492563,G>A,0.0,0.995,0.0
15,48494254,T>C,0.04,0.995,0.0
15,48495170,G>A,0.0,0.995,0.0
15,48495170,G>T,0.0,0.995,0.0
15,48496216,T>C,0.0,0.995,0.0
15,48496170,A>T,0.0,0.995,0.0
15,48510163,T>C,0.0,0.995,0.0
15,48497340,T>C,0.0,0.995,0.0
15,48600201,C>A,0.0,0.995,0.0
15,48505087,C>G,0.0,0.995,0.0
15,48600156,C>T,0.0,0.995,0.0
15,48600144,C>T,0.03,0.995,0.0
15,48444601,C>T,0.0,0.995,0.0
15,48503825,A>C,0.0,0.995,0.0
15,48503802,G>A,0.0,0.995,0.0
15,48503808,G>A,0.01,0.995,0.0
15,48497351,A>C,0.0,0.995,0.0
15,48425462,G>A,0.0,0.995,0.0
15,48425438,T>G,0.0,0.995,0.0
15,48452679,C>T,0.01,0.995,0.0
15,48537752,G>A,0.0,0.995,0.0
15,48537724,A>T,0.0,0.995,0.0
15,48428405,C>A,0.0,0.995,0.0
15,48425763,C>T,0.01,0.995,0.0
15,48472578,G>C,0.03,0.995,0.0
15,48472593,C>T,0.0,0.995,0.0
15,48474303,G>A,0.0,0.995,0.0
15,48470750,T>C,0.0,0.995,0.0
15,48472647,G>A,0.01,0.995,0.0
15,48485432,G>C,0.01,0.995,0.0
15,48485392,C>T,0.01,0.995,0.0
15,48452684,T>C,0.0,0.995,0.0
15,48481723,G>C,0.0,0.995,0.0
15,48481711,A>C,0.0,0.995,0.0
15,48411132,C>A,0.01,0.995,0.0
15,48465626,A>T,0.0,0.995,0.0
15,48463986,G>C,0.0,0.995,0.0
15,48463934,T>C,0.0,0.995,0.0
15,48464021,T>C,0.0,0.995,0.0
15,48430773,C>T,0.04,0.995,0.0
15,48411174,C>T,0.0,0.995,0.0
15,48465654,C>G,0.01,0.995,0.0
15,48428471,T>C,0.01,0.995,0.0
15,48463186,T>C,0.0,0.995,0.0
15,48613078,C>T,0.0,0.995,0.0
15,48613078,C>A,0.0,0.995,0.0
15,48463187,C>T,0.01,0.995,0.0
15,48432965,G>C,0.01,0.995,0.0
15,48596309,C>T,0.0,0.995,0.0
15,48415615,G>C,0.02,0.995,0.0
15,48596348,C>T,0.0,0.995,0.0
15,48596351,C>T,0.0,0.995,0.0
15,48463157,T>G,0.0,0.994,0.0
15,48420708,A>G,0.0,0.994,0.0
15,48483902,C>T,0.0,0.994,0.0
15,48474308,G>A,0.0,0.994,0.0
15,48513566,G>T,0.0,0.994,0.0
15,48503858,G>T,0.0,0.994,0.0
15,48513577,C>G,0.01,0.994,0.0
15,48463979,G>T,0.02,0.994,0.0
15,48421598,C>A,0.01,0.994,0.0
15,48421598,C>G,0.01,0.994,0.0
15,48432914,T>G,0.02,0.994,0.0
15,48421616,G>C,0.0,0.994,0.0
15,48445465,C>A,0.0,0.994,0.0
15,48448858,T>G,0.0,0.994,0.0
15,48432979,T>A,0.0,0.994,0.0
15,48446783,G>T,0.0,0.994,0.0
15,48421626,G>T,0.01,0.994,0.0
15,48421617,C>A,0.0,0.994,0.0
15,48428431,A>T,0.01,0.994,0.0
15,48448796,T>G,0.0,0.994,0.0
15,48428432,T>G,0.0,0.994,0.0
15,48425861,A>T,0.0,0.994,0.0
15,48452668,C>G,0.01,0.994,0.0
15,48437023,G>T,0.0,0.994,0.0
15,48472604,C>T,0.0,0.994,0.0
15,48434671,G>T,0.0,0.994,0.0
15,48488447,C>A,0.02,0.994,0.0
15,48427693,T>G,0.01,0.994,0.0
15,48485466,C>G,0.01,0.994,0.0
15,48428354,T>C,0.0,0.994,0.0
15,48490012,C>T,0.0,0.994,0.0
15,48526202,T>C,0.0,0.994,0.0
15,48452612,C>G,0.0,0.994,0.0
15,48489985,G>A,0.0,0.994,0.0
15,48456690,C>G,0.0,0.994,0.0
15,48503892,A>G,0.0,0.994,0.0
15,48427599,G>C,0.0,0.994,0.0
15,48537686,A>G,0.0,0.993,0.0
15,48508621,G>C,0.03,0.993,0.0
15,48487398,C>T,0.0,0.993,0.0
15,48452642,G>C,0.01,0.993,0.0
15,48489998,C>T,0.02,0.993,0.0
15,48483865,A>C,0.0,0.993,0.0
15,48481780,T>C,0.01,0.993,0.0
15,48460263,T>C,0.01,0.993,0.0
15,48537650,G>T,0.0,0.993,0.0
15,48472559,G>A,0.0,0.993,0.0
15,48485390,G>C,0.0,0.993,0.0
15,48427758,T>C,0.0,0.993,0.0
15,48490000,T>C,0.0,0.993,0.0
15,48420700,C>G,0.0,0.993,0.0
15,48432952,G>A,0.0,0.993,0.0
15,48421985,G>C,0.04,0.993,0.0
15,48496217,C>T,0.0,0.993,0.0
15,48497353,T>C,0.01,0.993,0.0
15,48497340,T>G,0.0,0.993,0.0
15,48465570,T>A,0.0,0.993,0.0
15,48411039,C>T,0.0,0.992,0.0
15,48411201,C>T,0.01,0.992,0.0
15,48432919,T>C,0.0,0.992,0.0
15,48465616,G>A,0.0,0.992,0.0
15,48498990,C>T,0.0,0.992,0.0
15,48503860,T>G,0.0,0.992,0.0
15,48444651,T>C,0.0,0.992,0.0
15,48463204,G>T,0.0,0.992,0.0
15,48600201,C>T,0.0,0.992,0.0
15,48446716,A>C,0.0,0.992,0.0
15,48415636,C>G,0.0,0.992,0.0
15,48481771,T>A,0.0,0.992,0.0
15,48427593,C>G,0.0,0.992,0.0
15,48487087,G>T,0.03,0.992,0.0
15,48483883,G>A,0.0,0.992,0.0
15,48437002,T>C,0.0,0.992,0.0
15,48537616,C>T,0.0,0.992,0.0
15,48537628,C>T,0.01,0.992,0.0
15,48489970,C>G,0.0,0.992,0.0
15,48421975,G>A,0.02,0.992,0.0
15,48492523,C>G,0.01,0.992,0.0
15,48422046,C>G,0.0,0.992,0.0
15,48470704,G>C,0.0,0.992,0.0
15,48470704,G>T,0.0,0.992,0.0
15,48427761,C>G,0.03,0.992,0.0
15,48496224,A>T,0.0,0.992,0.0
15,48412723,C>T,0.0,0.992,0.0
15,48428464,A>C,0.0,0.992,0.0
15,48496175,T>C,0.0,0.992,0.0
15,48430742,T>G,0.0,0.992,0.0
15,48464012,T>C,0.0,0.992,0.0
15,48513619,G>C,0.0,0.992,0.0
15,48513619,G>T,0.0,0.992,0.0
15,48448866,T>G,0.01,0.992,0.0
15,48434661,A>T,0.0,0.992,0.0
15,48515455,G>A,0.01,0.992,0.0
15,48412615,C>T,0.01,0.992,0.0
15,48411028,C>G,0.01,0.991,0.0
15,48446818,T>C,0.04,0.991,0.0
15,48513564,G>A,0.0,0.991,0.0
15,48465790,C>T,0.0,0.991,0.0
15,48537768,C>G,0.0,0.991,0.0
15,48420770,T>G,0.0,0.991,0.0
15,48520817,T>C,0.02,0.991,0.0
15,48420694,C>G,0.0,0.991,0.0
15,48610748,G>T,0.0,0.991,0.0
15,48428417,T>C,0.0,0.991,0.0
15,48428355,C>T,0.0,0.991,0.0
15,48430717,G>C,0.0,0.991,0.0
15,48494228,T>C,0.0,0.991,0.0
15,48495257,G>T,0.02,0.991,0.0
15,48428432,T>C,0.01,0.991,0.0
15,48465804,G>C,0.01,0.99,0.0
15,48425376,G>C,0.01,0.99,0.0
15,48495182,G>A,0.0,0.99,0.0
15,48495203,A>T,0.0,0.99,0.0
15,48526189,C>G,0.0,0.99,0.0
15,48487399,C>T,0.0,0.99,0.0
15,48425428,C>A,0.0,0.99,0.0
15,48421686,T>C,0.02,0.989,0.0
15,48448800,A>G,0.0,0.989,0.0
15,48497307,T>C,0.01,0.989,0.0
15,48432949,A>G,0.01,0.989,0.0
15,48496204,T>C,0.02,0.989,0.0
15,48497339,T>G,0.0,0.989,0.0
15,48432926,A>G,0.01,0.989,0.0
15,48513666,C>A,0.02,0.989,0.0
15,48496169,T>A,0.04,0.989,0.0
15,48489973,G>C,0.0,0.989,0.0
15,48422067,A>C,0.0,0.989,0.0
15,48441745,A>G,0.0,0.989,0.0
15,48472583,A>G,0.0,0.989,0.0
15,48437015,A>G,0.0,0.989,0.0
15,48420758,T>C,0.0,0.988,0.0
15,48415668,T>G,0.01,0.988,0.0
15,48505129,G>A,0.04,0.988,0.0
15,48415669,C>T,0.01,0.988,0.0
15,48421628,G>T,0.0,0.988,0.0
15,48463970,T>C,0.0,0.988,0.0
15,48421627,T>C,0.0,0.988,0.0
15,48434672,T>C,0.0,0.988,0.0
15,48437003,C>T,0.02,0.988,0.0
15,48463958,T>C,0.0,0.988,0.0
15,48472654,G>T,0.0,0.988,0.0
15,48537628,C>G,0.0,0.988,0.0
15,48472622,T>G,0.0,0.988,0.0
15,48472636,A>C,0.0,0.988,0.0
15,48463910,T>C,0.0,0.988,0.0
15,48434620,T>G,0.0,0.988,0.0
15,48432898,T>A,0.02,0.988,0.0
15,48434619,C>A,0.0,0.988,0.0
15,48463968,T>C,0.0,0.988,0.0
15,48432979,T>G,0.0,0.988,0.0
15,48537793,G>A,0.0,0.988,0.0
15,48446757,T>C,0.0,0.988,0.0
15,48421629,T>G,0.0,0.988,0.0
15,48444654,T>C,0.0,0.988,0.0
15,48444652,C>T,0.01,0.988,0.0
15,48446720,T>C,0.0,0.988,0.0
15,48446718,T>C,0.0,0.988,0.0
15,48613051,G>C,0.0,0.988,0.0
15,48427609,T>C,0.0,0.988,0.0
15,48446756,T>C,0.03,0.988,0.0
15,48452630,T>C,0.01,0.988,0.0
15,48415638,T>C,0.0,0.988,0.0
15,48490040,C>G,0.0,0.988,0.0
15,48430683,C>T,0.0,0.988,0.0
15,48411336,T>A,0.0,0.988,0.0
15,48494236,C>G,0.01,0.988,0.0
15,48428463,C>T,0.0,0.988,0.0
15,48452667,T>C,0.0,0.988,0.0
15,48437068,T>G,0.01,0.988,0.0
15,48470664,C>T,0.0,0.988,0.0
15,48425810,T>C,0.0,0.988,0.0
15,48470746,C>A,0.0,0.988,0.0
15,48470748,C>T,0.0,0.988,0.0
15,48470732,T>C,0.01,0.988,0.0
15,48513658,T>G,0.01,0.988,0.0
15,48445447,T>C,0.0,0.988,0.0
15,48448866,T>C,0.03,0.988,0.0
15,48463106,C>T,0.0,0.988,0.0
15,48463980,T>A,0.0,0.988,0.0
15,48415636,C>T,0.0,0.988,0.0
15,48508665,C>G,0.0,0.988,0.0
15,48411261,G>T,0.0,0.988,0.0
15,48441836,C>A,0.0,0.988,0.0
15,48421993,T>G,0.0,0.988,0.0
15,48411031,C>T,0.0,0.987,0.0
15,48495219,G>C,0.0,0.987,0.0
15,48425397,A>C,0.0,0.987,0.0
15,48441796,T>A,0.0,0.987,0.0
15,48487434,A>G,0.0,0.987,0.0
15,48425448,G>C,0.0,0.987,0.0
15,48515438,G>A,0.0,0.987,0.0
15,48465828,T>C,0.0,0.986,0.0
15,48420702,A>G,0.01,0.986,0.0
15,48515453,T>G,0.0,0.986,0.0
15,48460269,T>G,0.0,0.986,0.0
15,48460260,G>A,0.0,0.986,0.0
15,48463208,A>G,0.04,0.986,0.0
15,48460252,G>A,0.01,0.986,0.0
15,48483884,G>A,0.0,0.986,0.0
15,48515456,G>A,0.01,0.986,0.0
15,48427600,G>A,0.0,0.986,0.0
15,48510101,A>C,0.0,0.985,0.0
15,48432946,C>T,0.0,0.985,0.0
15,48596312,T>C,0.0,0.985,0.0
15,48432925,G>A,0.01,0.985,0.0
15,48513608,G>A,0.0,0.985,0.0
15,48510101,A>T,0.01,0.985,0.0
15,48420780,G>C,0.0,0.985,0.0
15,48448845,C>G,0.0,0.985,0.0
15,48411099,A>T,0.0,0.985,0.0
15,48411096,T>C,0.0,0.985,0.0
15,48537700,G>C,0.01,0.985,0.0
15,48537690,G>T,0.0,0.985,0.0
15,48470654,C>G,0.0,0.985,0.0
15,48434624,A>C,0.0,0.985,0.0
15,48430774,A>C,0.03,0.985,0.0
15,48448801,A>C,0.01,0.985,0.0
15,48456694,A>T,0.0,0.985,0.0
15,48421597,G>C,0.0,0.985,0.0
15,48432946,C>A,0.0,0.985,0.0
15,48420769,A>C,0.0,0.985,0.0
15,48411327,T>A,0.03,0.985,0.0
15,48470687,C>A,0.0,0.985,0.0
15,48485384,T>A,0.0,0.985,0.0
15,48485385,C>G,0.0,0.985,0.0
15,48427689,G>A,0.0,0.985,0.0
15,48427665,C>G,0.0,0.985,0.0
15,48452613,G>T,0.0,0.985,0.0
15,48452612,C>A,0.01,0.985,0.0
15,48420709,G>C,0.0,0.985,0.0
15,48412648,T>C,0.0,0.985,0.0
15,48411267,A>T,0.0,0.985,0.0
15,48441754,A>C,0.0,0.985,0.0
15,48465811,G>T,0.0,0.984,0.0
15,48481715,A>G,0.0,0.984,0.0
15,48537802,C>T,0.0,0.984,0.0
15,48465595,G>C,0.0,0.984,0.0
15,48472662,A>G,0.0,0.984,0.0
15,48428405,C>T,0.0,0.984,0.0
15,48492520,G>A,0.0,0.984,0.0
15,48508614,A>G,0.0,0.984,0.0
15,48488440,T>G,0.0,0.983,0.0
15,48483841,G>T,0.0,0.983,0.0
15,48515428,C>A,0.0,0.983,0.0
15,48425396,G>C,0.0,0.982,0.0
15,48422047,T>C,0.0,0.982,0.0
15,48422059,T>G,0.0,0.982,0.0
15,48425444,T>C,0.0,0.982,0.0
15,48489950,C>T,0.01,0.982,0.0
15,48537734,T>C,0.0,0.982,0.0
15,48422051,T>C,0.02,0.982,0.0
15,48610805,C>G,0.0,0.982,0.0
15,48495159,C>T,0.0,0.982,0.0
15,48425443,T>C,0.01,0.982,0.0
15,48425438,T>C,0.0,0.982,0.0
15,48481753,T>C,0.0,0.982,0.0
15,48496133,A>G,0.03,0.982,0.0
15,48481675,T>C,0.0,0.982,0.0
15,48465582,G>T,0.0,0.982,0.0
15,48463922,A>G,0.01,0.982,0.0
15,48490040,C>T,0.0,0.982,0.0
15,48422038,T>C,0.01,0.982,0.0
15,48425455,T>C,0.02,0.982,0.0
15,48503818,T>G,0.0,0.982,0.0
15,48503928,G>A,0.0,0.982,0.0
15,48456702,A>G,0.0,0.982,0.0
15,48503862,T>C,0.0,0.982,0.0
15,48503818,T>A,0.0,0.982,0.0
15,48610826,G>A,0.0,0.981,0.0
15,48411102,G>A,0.0,0.981,0.0
15,48411103,G>T,0.01,0.981,0.0
15,48411259,C>G,0.0,0.981,0.0
15,48613090,G>A,0.0,0.981,0.0
15,48411261,G>A,0.0,0.981,0.0
15,48441843,A>G,0.02,0.98,0.0
15,48430719,T>A,0.0,0.98,0.0
15,48448809,T>C,0.02,0.98,0.0
15,48411235,T>G,0.01,0.98,0.0
15,48644607,C>T,0.03,0.98,0.0
15,48420756,T>A,0.0,0.98,0.0
15,48496102,T>C,0.01,0.98,0.0
15,48411273,A>G,0.0,0.98,0.0
15,48411162,A>G,0.0,0.98,0.0
15,48613087,T>A,0.0,0.98,0.0
15,48463946,A>G,0.0,0.98,0.0
15,48481657,G>A,0.02,0.98,0.0
15,48463132,A>G,0.0,0.98,0.0
15,48596355,T>G,0.0,0.98,0.0
15,48456712,T>A,0.0,0.98,0.0
15,48460249,C>A,0.0,0.98,0.0
15,48510166,A>C,0.0,0.98,0.0
15,48456759,A>G,0.0,0.98,0.0
15,48495171,A>G,0.0,0.98,0.0
15,48470729,A>C,0.0,0.98,0.0
15,48412666,A>G,0.0,0.98,0.0
15,48489908,G>A,0.01,0.98,0.0
15,48495159,C>A,0.01,0.979,0.0
15,48481701,G>C,0.0,0.979,0.0
15,48503891,C>G,0.0,0.978,0.0
15,48456696,C>T,0.0,0.978,0.0
15,48490006,C>A,0.01,0.978,0.0
15,48537703,C>T,0.0,0.978,0.0
15,48425416,G>A,0.02,0.978,0.0
15,48472575,T>C,0.0,0.978,0.0
15,48425446,C>G,0.0,0.978,0.0
15,48489852,T>A,0.0,0.978,0.0
15,48452618,C>T,0.0,0.978,0.0
15,48534135,A>T,0.0,0.978,0.0
15,48427714,T>C,0.01,0.978,0.0
15,48470636,G>T,0.0,0.978,0.0
15,48488395,G>A,0.02,0.978,0.0
15,48488191,C>T,0.0,0.978,0.0
15,48472605,G>C,0.0,0.978,0.0
15,48481714,G>A,0.0,0.978,0.0
15,48474303,G>T,0.0,0.978,0.0
15,48474302,C>A,0.0,0.978,0.0
15,48470689,G>C,0.0,0.978,0.0
15,48422030,A>C,0.0,0.978,0.0
15,48456670,A>G,0.0,0.978,0.0
15,48483886,A>T,0.0,0.977,0.0
15,48460272,A>T,0.0,0.977,0.0
15,48483897,C>G,0.0,0.977,0.0
15,48467947,C>T,0.0,0.976,0.0
15,48526250,C>A,0.0,0.975,0.0
15,48515444,T>A,0.0,0.975,0.0
15,48508674,C>A,0.0,0.975,0.0
15,48437804,C>G,0.0,0.975,0.0
15,48437911,C>G,0.0,0.975,0.0
15,48421684,T>C,0.0,0.974,0.0
15,48421678,C>T,0.0,0.974,0.0
15,48465840,C>T,0.0,0.974,0.0
15,48537629,G>T,0.0,0.973,0.0
15,48537628,C>A,0.0,0.973,0.0
15,48465819,C>T,0.01,0.973,0.0
15,48610818,G>A,0.0,0.972,0.0
15,48610790,G>C,0.0,0.972,0.0
15,48411343,T>A,0.0,0.972,0.0
15,48520661,G>A,0.0,0.972,0.0
15,48510044,C>T,0.0,0.972,0.0
15,48596323,A>C,0.0,0.972,0.0
15,48496103,C>T,0.0,0.972,0.0
15,48411169,T>A,0.01,0.972,0.0
15,48412607,G>A,0.0,0.972,0.0
15,48494209,C>A,0.0,0.972,0.0
15,48505097,T>C,0.0,0.972,0.0
15,48596283,C>T,0.0,0.972,0.0
15,48470724,C>T,0.02,0.971,0.0
15,48432941,C>G,0.04,0.971,0.0
15,48463204,G>A,0.0,0.971,0.0
15,48420804,C>A,0.01,0.971,0.0
15,48483906,A>C,0.03,0.971,0.0
15,48534179,C>T,0.0,0.971,0.0
15,48411046,G>A,0.0,0.97,0.0
15,48411126,T>G,0.0,0.97,0.0
15,48422011,A>G,0.0,0.97,0.0
15,48411100,G>A,0.0,0.97,0.0
15,48411163,G>A,0.0,0.97,0.0
15,48422012,T>A,0.0,0.97,0.0
15,48465589,C>T,0.01,0.97,0.0
15,48485454,A>G,0.04,0.97,0.0
15,48412667,G>A,0.0,0.97,0.0
15,48610749,G>A,0.03,0.97,0.0
15,48610785,G>A,0.0,0.97,0.0
15,48610772,G>A,0.0,0.97,0.0
15,48613039,G>A,0.01,0.97,0.0
15,48410998,G>A,0.02,0.97,0.0
15,48411049,A>G,0.0,0.97,0.0
15,48411082,G>A,0.02,0.97,0.0
15,48490009,T>C,0.0,0.97,0.0
15,48411097,A>G,0.01,0.97,0.0
15,48422032,T>G,0.0,0.97,0.0
15,48412661,G>A,0.0,0.97,0.0
15,48481750,A>G,0.0,0.97,0.0
15,48613010,G>A,0.0,0.97,0.0
15,48446724,G>A,0.0,0.969,0.0
15,48446724,G>T,0.0,0.969,0.0
15,48421599,T>C,0.0,0.969,0.0
15,48483928,T>C,0.0,0.969,0.0
15,48432970,T>C,0.0,0.969,0.0
15,48503837,G>T,0.02,0.969,0.0
15,48421599,T>A,0.0,0.969,0.0
15,48412740,G>C,0.0,0.968,0.0
15,48421968,G>C,0.01,0.968,0.0
15,48513633,C>A,0.0,0.968,0.0
15,48421968,G>T,0.01,0.968,0.0
15,48496120,G>C,0.01,0.968,0.0
15,48537749,T>C,0.0,0.967,0.0
15,48488175,T>A,0.0,0.967,0.0
15,48508637,A>C,0.0,0.967,0.0
15,48485472,T>C,0.0,0.967,0.0
15,48460248,A>C,0.0,0.967,0.0
15,48488217,G>C,0.0,0.967,0.0
15,48488469,G>A,0.01,0.967,0.0
15,48508615,A>G,0.01,0.967,0.0
15,48488235,T>A,0.0,0.967,0.0
15,48487137,C>T,0.0,0.967,0.0
15,48537681,C>G,0.0,0.967,0.0
15,48460265,A>C,0.0,0.966,0.0
15,48495187,T>G,0.0,0.965,0.0
15,48444588,C>T,0.0,0.964,0.0
15,48468444,A>G,0.0,0.964,0.0
15,48427665,C>T,0.0,0.964,0.0
15,48495143,G>C,0.0,0.964,0.0
15,48485385,C>T,0.0,0.964,0.0
15,48415596,G>C,0.0,0.963,0.0
15,48465657,T>C,0.0,0.963,0.0
15,48468097,G>T,0.0,0.963,0.0
15,48412651,C>T,0.0,0.963,0.0
15,48537640,A>G,0.0,0.963,0.0
15,48537641,T>A,0.0,0.963,0.0
15,48537613,T>G,0.0,0.963,0.0
15,48600216,C>T,0.0,0.963,0.0
15,48415726,A>C,0.01,0.962,0.0
15,48468432,G>C,0.0,0.962,0.0
15,48526228,C>T,0.0,0.959,0.0
15,48446778,G>A,0.0,0.959,0.0
15,48489859,A>G,0.01,0.959,0.0
15,48495200,T>A,0.0,0.958,0.0
15,48465624,A>T,0.02,0.958,0.0
15,48488227,G>A,0.0,0.958,0.0
15,48497389,T>C,0.01,0.958,0.0
15,48411027,T>C,0.01,0.958,0.0
15,48508646,A>T,0.03,0.958,0.0
15,48610802,T>C,0.0,0.958,0.0
15,48411336,T>C,0.01,0.958,0.0
15,48411051,T>C,0.0,0.958,0.0
15,48412736,C>A,0.01,0.956,0.0
15,48412741,T>C,0.0,0.956,0.0
15,48596297,G>C,0.03,0.956,0.0
15,48481655,C>A,0.0,0.956,0.0
15,48613033,G>C,0.0,0.956,0.0
15,48487381,T>C,0.0,0.956,0.0
15,48495252,T>G,0.0,0.956,0.0
15,48411339,C>G,0.02,0.956,0.0
15,48421969,T>C,0.0,0.956,0.0
15,48508667,A>T,0.0,0.955,0.0
15,48644624,C>A,0.01,0.955,0.0
15,48425392,T>C,0.0,0.955,0.0
15,48422042,G>A,0.0,0.955,0.0
15,48537754,T>C,0.0,0.955,0.0
15,48427746,T>G,0.0,0.954,0.0
15,48460260,G>C,0.01,0.954,0.0
15,48463214,T>C,0.01,0.954,0.0
15,48427741,G>C,0.01,0.954,0.0
15,48508696,C>T,0.0,0.954,0.0
15,48421560,T>G,0.0,0.954,0.0
15,48489854,T>C,0.0,0.954,0.0
15,48515395,T>G,0.0,0.954,0.0
15,48489853,T>C,0.0,0.954,0.0
15,48515480,G>C,0.01,0.954,0.0
15,48470637,T>C,0.0,0.954,0.0
15,48428402,T>C,0.0,0.953,0.0
15,48488469,G>C,0.03,0.953,0.0
15,48492547,T>C,0.0,0.953,0.0
15,48411084,T>A,0.0,0.952,0.0
15,48411145,T>G,0.04,0.952,0.0
15,48411017,C>A,0.01,0.952,0.0
15,48411069,T>A,0.0,0.952,0.0
15,48600169,T>G,0.0,0.952,0.0
15,48534119,C>G,0.01,0.951,0.0
15,48495191,G>A,0.01,0.951,0.0
15,48411222,A>T,0.0,0.95,0.0
15,48425825,T>A,0.0,0.95,0.0
15,48411189,A>T,0.0,0.95,0.0
15,48600230,T>A,0.0,0.95,0.0
15,48415596,G>A,0.0,0.95,0.0
15,48495164,A>C,0.0,0.95,0.0
15,48468096,C>T,0.0,0.949,0.0
15,48487354,G>C,0.0,0.948,0.0
15,48436961,C>G,0.0,0.948,0.0
15,48488470,G>T,0.01,0.947,0.0
15,48488236,C>T,0.03,0.947,0.0
15,48515399,C>A,0.0,0.947,0.0
15,48488181,G>A,0.03,0.947,0.0
15,48474269,C>T,0.0,0.946,0.0
15,48441792,T>A,0.0,0.945,0.0
15,48537631,A>C,0.01,0.945,0.0
15,48508693,A>T,0.0,0.944,0.0
15,48437911,C>T,0.0,0.944,0.0
15,48427767,C>T,0.0,0.944,0.0
15,48515437,C>T,0.0,0.944,0.0
15,48515437,C>A,0.0,0.944,0.0
15,48534146,C>A,0.01,0.944,0.0
15,48483870,C>A,0.0,0.944,0.0
15,48437900,A>T,0.0,0.944,0.0
15,48437911,C>A,0.0,0.944,0.0
15,48463234,C>G,0.0,0.944,0.0
15,48467943,T>C,0.01,0.943,0.0
15,48495471,A>G,0.0,0.943,0.0
15,48427672,C>T,0.0,0.942,0.0
15,48513633,C>G,0.0,0.942,0.0
15,48495218,C>T,0.02,0.941,0.0
15,48487402,G>C,0.03,0.94,0.0
15,48487344,T>C,0.0,0.94,0.0
15,48537680,T>C,0.01,0.939,0.0
15,48428403,A>T,0.01,0.938,0.0
15,48534149,T>A,0.04,0.938,0.0
15,48415557,C>A,0.0,0.938,0.0
15,48503810,T>G,0.0,0.938,0.0
15,48487366,G>A,0.0,0.937,0.0
15,48494233,T>C,0.0,0.936,0.0
15,48516324,G>T,0.03,0.935,0.0
15,48421999,G>A,0.0,0.935,0.0
15,48411070,C>G,0.0,0.934,0.0
15,48411069,T>C,0.0,0.934,0.0
15,48644627,C>T,0.04,0.934,0.0
15,48644624,C>T,0.04,0.934,0.0
15,48596370,C>G,0.0,0.934,0.0
15,48481658,T>C,0.02,0.934,0.0
15,48421972,T>C,0.02,0.934,0.0
15,48495179,T>G,0.0,0.934,0.0
15,48508668,T>C,0.0,0.934,0.0
15,48412657,T>C,0.0,0.934,0.0
15,48422026,A>T,0.0,0.933,0.0
15,48497334,A>G,0.0,0.933,0.0
15,48468081,T>C,0.0,0.933,0.0
15,48427731,A>G,0.01,0.932,0.0
15,48488211,A>G,0.0,0.932,0.0
15,48463165,A>G,0.01,0.932,0.0
15,48526249,T>A,0.0,0.93,0.0
15,48487170,A>G,0.0,0.93,0.0
15,48503829,C>T,0.0,0.928,0.0
15,48474321,T>A,0.0,0.928,0.0
15,48411188,G>C,0.04,0.927,0.0
15,48503798,G>C,0.01,0.927,0.0
15,48441802,T>G,0.0,0.927,0.0
15,48481766,C>G,0.0,0.927,0.0
15,48411113,G>C,0.0,0.927,0.0
15,48460272,A>G,0.0,0.924,0.0
15,48446708,A>G,0.02,0.924,0.0
15,48515458,A>G,0.01,0.924,0.0
15,48489869,C>T,0.0,0.924,0.0
15,48481685,A>C,0.01,0.924,0.0
15,48483898,T>G,0.0,0.924,0.0
15,48503927,C>T,0.0,0.919,0.0
15,48415707,C>A,0.0,0.918,0.0
15,48427753,A>G,0.01,0.917,0.0
15,48513563,C>T,0.0,0.917,0.0
15,48510130,T>A,0.0,0.916,0.0
15,48434614,C>T,0.0,0.915,0.0
15,48474377,T>A,0.0,0.915,0.0
15,48474650,T>A,0.0,0.915,0.0
15,48510145,C>T,0.0,0.915,0.0
15,48613076,A>G,0.01,0.914,0.0
15,48432881,G>A,0.03,0.914,0.0
15,48610791,A>G,0.0,0.914,0.0
15,48468433,G>C,0.0,0.914,0.0
15,48495531,C>T,0.0,0.913,0.0
15,48488124,T>C,0.03,0.911,0.0
15,48470720,A>C,0.0,0.909,0.0
15,48436993,A>C,0.0,0.909,0.0
15,48497290,C>G,0.01,0.909,0.0
15,48495205,G>T,0.0,0.908,0.0
15,48495199,A>T,0.0,0.908,0.0
15,48515407,T>G,0.0,0.906,0.0
15,48487320,G>A,0.03,0.906,0.0
15,48613060,T>A,0.02,0.903,0.0
15,48411068,T>G,0.0,0.903,0.0
15,48613087,T>C,0.0,0.903,0.0
15,48411070,C>T,0.01,0.903,0.0
15,48600207,T>C,0.0,0.903,0.0
15,48411073,G>C,0.0,0.903,0.0
15,48488211,A>C,0.0,0.903,0.0
15,48411286,T>C,0.02,0.903,0.0
15,48412640,T>C,0.0,0.903,0.0
15,48412588,G>C,0.02,0.903,0.0
15,48411349,G>C,0.0,0.903,0.0
15,48412658,C>T,0.0,0.903,0.0
15,48411247,G>C,0.0,0.903,0.0
15,48411085,C>T,0.04,0.903,0.0
15,48472652,A>T,0.01,0.903,0.0
15,48474282,A>G,0.0,0.903,0.0
15,48537766,A>G,0.0,0.903,0.0
15,48610773,T>A,0.0,0.903,0.0
15,48610781,T>C,0.0,0.903,0.0
15,48596355,T>C,0.0,0.903,0.0
